{
    "dataset_stats": {
        "n_users": 943,
        "n_movies": 1682,
        "n_ratings": 100000,
        "rating_range": [
            1,
            5
        ],
        "avg_rating": 3.52986,
        "sparsity": 0.9369533063577546
    },
    "training_history": {
        "dnn_history": {
            "loss": [
                0.060937754809856415,
                0.05468350648880005,
                0.05291427671909332,
                0.05112525075674057,
                0.04896525666117668,
                0.04702939838171005,
                0.04513656720519066,
                0.04329146444797516,
                0.041700515896081924,
                0.04012591391801834,
                0.03895862028002739,
                0.03750678151845932,
                0.03655976057052612,
                0.03563036024570465,
                0.034595899283885956,
                0.03382996469736099,
                0.032987166196107864,
                0.03247089684009552,
                0.031744591891765594,
                0.03101442940533161,
                0.030604375526309013,
                0.029993576928973198,
                0.029621832072734833,
                0.029135238379240036,
                0.028588688001036644,
                0.028393719345331192,
                0.027955804020166397,
                0.027350744232535362,
                0.027085039764642715,
                0.026764748618006706,
                0.02650655247271061,
                0.026149051263928413,
                0.025844756513834,
                0.02555897645652294,
                0.025240233168005943,
                0.02520454116165638,
                0.024681812152266502,
                0.024443551898002625,
                0.024273110553622246,
                0.024157993495464325,
                0.02384062670171261,
                0.02372654899954796,
                0.023574361577630043,
                0.02331645041704178,
                0.023100780323147774,
                0.023076307028532028,
                0.02276076190173626,
                0.02259352244436741,
                0.022459037601947784,
                0.0224296897649765
            ],
            "mae": [
                0.19686560332775116,
                0.18561038374900818,
                0.18193571269512177,
                0.17823843657970428,
                0.1739492118358612,
                0.16993865370750427,
                0.16624663770198822,
                0.16262730956077576,
                0.15915046632289886,
                0.15594390034675598,
                0.15367592871189117,
                0.15058910846710205,
                0.1484338343143463,
                0.14660155773162842,
                0.14455194771289825,
                0.1426551192998886,
                0.14106597006320953,
                0.13961263000965118,
                0.13809660077095032,
                0.13665235042572021,
                0.1358763724565506,
                0.13435406982898712,
                0.13355940580368042,
                0.13238084316253662,
                0.13120557367801666,
                0.1306888312101364,
                0.12963232398033142,
                0.1284739375114441,
                0.12779921293258667,
                0.1266520768404007,
                0.12589311599731445,
                0.12477155774831772,
                0.12421409040689468,
                0.12362879514694214,
                0.12279883772134781,
                0.12265855818986893,
                0.12137381732463837,
                0.12083576619625092,
                0.11989019811153412,
                0.11959140747785568,
                0.11893076449632645,
                0.11871906369924545,
                0.11843376606702805,
                0.1176568940281868,
                0.11693993955850601,
                0.11684345453977585,
                0.11583086848258972,
                0.11542623490095139,
                0.11492948234081268,
                0.11455428600311279
            ],
            "val_loss": [
                0.056277915835380554,
                0.05483194440603256,
                0.0542001836001873,
                0.05369967222213745,
                0.05379205197095871,
                0.05357274040579796,
                0.05416800454258919,
                0.054304614663124084,
                0.05510283261537552,
                0.05506334826350212,
                0.05570123344659805,
                0.05771511793136597,
                0.05686492845416069,
                0.05766533687710762,
                0.058509327471256256,
                0.05794627591967583,
                0.05856013670563698,
                0.057806793600320816,
                0.05905074626207352,
                0.05882572755217552,
                0.05932164192199707,
                0.05907776579260826,
                0.06040797010064125,
                0.05866507440805435,
                0.05982142314314842,
                0.059012822806835175,
                0.06003176420927048,
                0.06083070859313011,
                0.06038001552224159,
                0.06075292453169823,
                0.0597635917365551,
                0.06001020967960358,
                0.06063517928123474,
                0.0602932870388031,
                0.060013916343450546,
                0.059941332787275314,
                0.06089116260409355,
                0.06011086329817772,
                0.06059982255101204,
                0.06127290800213814,
                0.061279620975255966,
                0.06080543249845505,
                0.06076110154390335,
                0.06144356727600098,
                0.06190914288163185,
                0.0609726756811142,
                0.06125381588935852,
                0.061608459800481796,
                0.060600243508815765,
                0.06054266542196274
            ],
            "val_mae": [
                0.1888260692358017,
                0.1866198182106018,
                0.18470433354377747,
                0.18359585106372833,
                0.1840515434741974,
                0.18316951394081116,
                0.18352672457695007,
                0.18435192108154297,
                0.18357253074645996,
                0.18349270522594452,
                0.18426348268985748,
                0.1863359808921814,
                0.18538914620876312,
                0.18706238269805908,
                0.18722374737262726,
                0.18661297857761383,
                0.1870947927236557,
                0.1861065924167633,
                0.18777766823768616,
                0.1875348836183548,
                0.1882178783416748,
                0.1871919482946396,
                0.18918542563915253,
                0.18762925267219543,
                0.18820582330226898,
                0.18855655193328857,
                0.18977192044258118,
                0.19046570360660553,
                0.1895815134048462,
                0.18973764777183533,
                0.18873587250709534,
                0.1890171319246292,
                0.18980102241039276,
                0.188686341047287,
                0.1894136369228363,
                0.18899282813072205,
                0.19015249609947205,
                0.18920212984085083,
                0.18936020135879517,
                0.19036908447742462,
                0.18986254930496216,
                0.1895436942577362,
                0.19010840356349945,
                0.19020697474479675,
                0.19140048325061798,
                0.18968859314918518,
                0.19058427214622498,
                0.1908539980649948,
                0.1896851658821106,
                0.18908551335334778
            ]
        },